koduru.a@husky.neu.edu
  akashc@ccs.neu.edu
 Abhinav Kharbanda abhinavk@ccs.neu.edu
 Aditya Priyadarshi adityap1407@ccs.neu.edu
 Akhila Sankar akhilasankar@ccs.neu.edu
 Amul Sunilbhai Mehta amulmehta@ccs.neu.edu
 Ankit Dangi ihrdzwndu5z139
 Apoorv Anand anand.ap@husky.neu.edu
 Ashok Koduru ashokvsk@ccs.neu.edu
 Austin Walker awalker@ccs.neu.edu
 Chinmayi Anand Kulkarni chinmayik@ccs.neu.edu, kulkarni.chi@husky.neu.edu
 DEEPAK deepaksurana18@ccs.neu.edu, surana.d@husky.neu.edu
 Dilip Shantilal Makwana dilip7@ccs.neu.edu
 Disha Sule suledisha1@ccs.neu.edu, sule.d@husky.neu.edu
 Diyi Wang wang.di@husky.neu.edu
 Drashti Bhuta bhuta.d@husky.neu.edu
 Eric Rollins rollins.e@husky.neu.edu
 Gautam Baghel gautambaghel@ccs.neu.edu
 Hao Wu wuhao@ccs.neu.edu
 Justin Koser koser.j@husky.neu.edu
 Kshitiz Adlakha adlakha.k@husky.neu.edu
 Meghna Tulasi tulasi.me@husky.neu.edu
 Mohd Asim Khan asimkhan17@ccs.neu.edu
 Nancy Agrawal agrawal.n@husky.neu.edu
 Nicholas Jared Carugati carugati.n@husky.neu.edu
 Nitin Anand Shetty nitins51@ccs.neu.edu
 Pankti A Bhalani pbhalani@ccs.neu.edu
 Pardeep Singh pardeep@ccs.neu.edu
 Parul Singh singh.p@husky.neu.edu
 Pranali Ghagare pranali91@ccs.neu.edu, ghagare.p@husky.neu.edu
 Pranay Surana surana.p@husky.neu.edu
 Pratik Jaipuria jaipuria.p@husky.neu.edu
 Prem Mayur Shah shah.pre@husky.neu.edu
 Purnesh Dixit dixit.pu@husky.neu.edu
 Rajdeep Kaur rajdeep@ccs.neu.edu
 Rakesh Ravi Shankar rakeshravi@ccs.neu.edu
 Robin Nag robinnag@ccs.neu.edu
 Rohan Sapre rohansapre@ccs.neu.edu
 Samkeet Shah shah.sam@husky.neu.edu
 Sanjay Murali sanjaymurali@ccs.neu.edu
 saurabh singh saurabhsingh13no@ccs.neu.edu
 Saurabh singh singh.saurab@husky.neu.edu
 Savan Patel patel.sav@husky.neu.edu
 Shashikiran Gadhar shashikirang@ccs.neu.edu
 Shraddha Ramachandra Phadnis phadnis.s@husky.neu.edu
 Shraddha Shah shah.shrad@husky.neu.edu
 Sravanthi Kethireddy sravanthi@ccs.neu.edu
 Tanvi Ranadive ranadive.t@husky.neu.edu
 Twinkle Jain jaintwinkle@ccs.neu.edu
 Vineet Trivedi vineet@ccs.neu.edu
 Vishruth Krishna Prasad krishnaprasad.v@husky.neu.edu
 Xueyi Fan fxy27@ccs.neu.edu
 Xuliang Qin qin.xu@husky.neu.edu
 Yogesh gupta.y@husky.neu.edu